"Partid","NP","PL"
"ALIANȚA ELECTORALĂ PSD PNL","TUDOSE MIHAI",1
"ALIANȚA ELECTORALĂ PSD PNL","BOGDAN IOAN-RAREȘ",2
"ALIANȚA ELECTORALĂ PSD PNL","FIREA GABRIELA",3
"ALIANȚA ELECTORALĂ PSD PNL","MOTREANU DAN-ȘTEFAN",4
"ALIANȚA ELECTORALĂ PSD PNL","MANDA IULIAN-CLAUDIU",5
"ALIANȚA ELECTORALĂ PSD PNL","VALEAN ADINA-IOANA",6
"ALIANȚA ELECTORALĂ PSD PNL","NEGRESCU VICTOR",7
"ALIANȚA ELECTORALĂ PSD PNL","DÎNCU VASILE",8
"ALIANȚA ELECTORALĂ PSD PNL","BUDA DANIEL",9
"ALIANȚA ELECTORALĂ PSD PNL","GRAPINI MARIA",10
"ALIANȚA ELECTORALĂ PSD PNL","CÂRCIU GHEORGHE-FLORIN",11
"ALIANȚA ELECTORALĂ PSD PNL","MUREȘAN SIEGFRIED-VASILE",12
"ALIANȚA ELECTORALĂ PSD PNL","BENEA ADRIAN-DRAGOȘ",13
"ALIANȚA ELECTORALĂ PSD PNL","HAVA MIRCEA-GHEORGHE",14
"ALIANȚA ELECTORALĂ PSD PNL","NICA DAN",15
"ALIANȚA ELECTORALĂ PSD PNL","FALCĂ GHEORGHE",16
"ALIANȚA ELECTORALĂ PSD PNL","MUȘOIU ȘTEFAN",17
"ALIANȚA ELECTORALĂ PSD PNL","MÎNZATU ROXANA",18
"ALIANȚA ELECTORALĂ PSD PNL","POPESCU VIRGIL-DANIEL",19
"ALIANȚA ELECTORALĂ PSD PNL","CRISTEA ANDI-LUCIAN",20
"ALIANȚA ELECTORALĂ PSD PNL","MURARU IULIAN-ALEXANDRU",21
"ALIANȚA ELECTORALĂ PSD PNL","BICĂ ANDRA",22
"ALIANȚA ELECTORALĂ PSD PNL","MAREȘ MARA",23
"ALIANȚA ELECTORALĂ PSD PNL","IVANCIA MIHAELA",24
"ALIANȚA ELECTORALĂ PSD PNL","NICOLAE IRINELA",25
"ALIANȚA ELECTORALĂ PSD PNL","VOICU VASILE-DORIN",26
"ALIANȚA ELECTORALĂ PSD PNL","EPURE ALEXANDRU-CIPRIAN",27
"ALIANȚA ELECTORALĂ PSD PNL","BLANARI LARISA",28
"ALIANȚA ELECTORALĂ PSD PNL","SĂLĂJEANU FLORIAN-VALERIU",29
"ALIANȚA ELECTORALĂ PSD PNL","OPREA OCTAVIAN",30
"ALIANȚA ELECTORALĂ PSD PNL","TOGĂNEL CRISTINA-MARA",31
"ALIANȚA ELECTORALĂ PSD PNL","ȚAMBĂ ALIN-ADAM",32
"ALIANȚA ELECTORALĂ PSD PNL","CATANA CLAUDIU-DANIEL",33
"ALIANȚA ELECTORALĂ PSD PNL","MURG ELENA-IOANA",34
"ALIANȚA ELECTORALĂ PSD PNL","STAVARACHE VALENTIN-CONSTANTIN",35
"ALIANȚA ELECTORALĂ PSD PNL","POPA DANIELA",36
"ALIANȚA ELECTORALĂ PSD PNL","CĂCIULĂ MĂDĂLIN-CLAUDIU",37
"ALIANȚA ELECTORALĂ PSD PNL","SURDU DANIEL-GEORGE",38
"ALIANȚA ELECTORALĂ PSD PNL","CÂPLEA DORU",39
"ALIANȚA ELECTORALĂ PSD PNL","ȘERBAN ȘTEFANIA-ROXANA",40
"ALIANȚA ELECTORALĂ PSD PNL","IORDACHE MONICA-MARIA",41
"ALIANȚA ELECTORALĂ PSD PNL","LAZĂR DORINA-MĂDĂLINA",42
"ALIANȚA ELECTORALĂ PSD PNL","DEACONU ALEXANDRU-ȘTEFAN",43
"PARTIDUL S.O.S. ROMÂNIA","IOVANOVICI-ȘOȘOACĂ DIANA",1
"PARTIDUL S.O.S. ROMÂNIA","LAZARUS LUIS-VICENȚIU",2
"PARTIDUL S.O.S. ROMÂNIA","MARIN ȘTEFĂNEL-DAN",3
"PARTIDUL S.O.S. ROMÂNIA","TOMAȘESCHI SAVA-DRAGOMIR",4
"PARTIDUL S.O.S. ROMÂNIA","CÎMPIANU ANDREEA-PETRONELA",5
"PARTIDUL S.O.S. ROMÂNIA","COSTACHE MARIN",6
"PARTIDUL S.O.S. ROMÂNIA","BOBEI VICTOR-HORIA",7
"PARTIDUL S.O.S. ROMÂNIA","STANCOVICI CRISTIAN",8
"PARTIDUL S.O.S. ROMÂNIA","WINDISCHHOFER MIHAELA-MARIA",9
"PARTIDUL S.O.S. ROMÂNIA","TÎRZIU LUANA",10
"PARTIDUL S.O.S. ROMÂNIA","SIMUȚ GLAD",11
"PARTIDUL S.O.S. ROMÂNIA","BELLANTONI AMALIA",12
"PARTIDUL S.O.S. ROMÂNIA","TULUGEA DANIL",13
"PARTIDUL S.O.S. ROMÂNIA","ȚIU MIHAI-ADRIAN",14
"PARTIDUL S.O.S. ROMÂNIA","NICULA FLORIAN-ALEXANDRU",15
"PARTIDUL S.O.S. ROMÂNIA","ALEXANDRESCU INGRID-ELENA",16
"PARTIDUL S.O.S. ROMÂNIA","PASCALINI NINI-ALEXANDRU",17
"PARTIDUL S.O.S. ROMÂNIA","BĂLAN SILVESTRU-RĂDĂUȚI",18
"PARTIDUL S.O.S. ROMÂNIA","IORDĂCHIȚĂ GABRIELA-VIOLETA",19
"PARTIDUL S.O.S. ROMÂNIA","SÂRBU ROBERT-CONSTANTIN",20
"PARTIDUL S.O.S. ROMÂNIA","NICOLAE ION",21
"PARTIDUL S.O.S. ROMÂNIA","VASILIU CARMEN",22
"PARTIDUL S.O.S. ROMÂNIA","KISS DAN-MIHAI",23
"PARTIDUL S.O.S. ROMÂNIA","FLORESCU GABRIEL",24
"PARTIDUL S.O.S. ROMÂNIA","GHEORGHE LIVIA-TATIANA",25
"PARTIDUL S.O.S. ROMÂNIA","GHEORGHE DANIEL-PAUL-ROMEO",26
"PARTIDUL S.O.S. ROMÂNIA","RĂDĂCINĂ FELICIA",27
"PARTIDUL S.O.S. ROMÂNIA","PÜSÖK FERENC",28
"PARTIDUL S.O.S. ROMÂNIA","AXMANN DANIEL",29
"PARTIDUL S.O.S. ROMÂNIA","ALBU MARIA",30
"PARTIDUL S.O.S. ROMÂNIA","LUPAȘCU OVIDIA-ILEANA",31
"PARTIDUL S.O.S. ROMÂNIA","RECLARU SIMONA-MANUELA",32
"PARTIDUL S.O.S. ROMÂNIA","GRAPĂ ELENA",33
"PARTIDUL S.O.S. ROMÂNIA","DINU MIHAI-ADRIAN",34
"PARTIDUL S.O.S. ROMÂNIA","GHINESCU ION",35
"PARTIDUL S.O.S. ROMÂNIA","IFTIME SORINA",36
"PARTIDUL S.O.S. ROMÂNIA","IOSIF MARIN",37
"PARTIDUL S.O.S. ROMÂNIA","CONSTANTINESCU ADRIAN",38
"PARTIDUL S.O.S. ROMÂNIA","MIRESCU OFELIA",39
"PARTIDUL S.O.S. ROMÂNIA","ȘERBĂNESCU ROXANA-MARIA",40
"PARTIDUL S.O.S. ROMÂNIA","IUGA NICOLAE",41
"PARTIDUL S.O.S. ROMÂNIA","NANE AUREL",42
"PARTIDUL S.O.S. ROMÂNIA","DĂNILĂ IONUȚ-ALEXANDRU",43
"ALIANȚA DREAPTA UNITĂ USR - PMP - FORȚA DREPTEI","BARNA ILIE-DAN",1
"ALIANȚA DREAPTA UNITĂ USR - PMP - FORȚA DREPTEI","VASILE-VOICULESCU VLAD",2
"ALIANȚA DREAPTA UNITĂ USR - PMP - FORȚA DREPTEI","TOMAC EUGEN",3
"ALIANȚA DREAPTA UNITĂ USR - PMP - FORȚA DREPTEI","BOTOȘ VLAD-MARIUS",4
"ALIANȚA DREAPTA UNITĂ USR - PMP - FORȚA DREPTEI","PRUNĂ CRISTINA-MĂDĂLINA",5
"ALIANȚA DREAPTA UNITĂ USR - PMP - FORȚA DREPTEI","ALEXANDRU VICTORIA-VIOLETA",6
"ALIANȚA DREAPTA UNITĂ USR - PMP - FORȚA DREPTEI","MIHAIL RADU-MIHAI",7
"ALIANȚA DREAPTA UNITĂ USR - PMP - FORȚA DREPTEI","ATANASIU CORINA",8
"ALIANȚA DREAPTA UNITĂ USR - PMP - FORȚA DREPTEI","CRISTIAN ADRIANA",9
"ALIANȚA DREAPTA UNITĂ USR - PMP - FORȚA DREPTEI","SIMIONCA IONUȚ",10
"ALIANȚA DREAPTA UNITĂ USR - PMP - FORȚA DREPTEI","DANCĂ IONEL",11
"ALIANȚA DREAPTA UNITĂ USR - PMP - FORȚA DREPTEI","GIMA GEORGE",12
"ALIANȚA DREAPTA UNITĂ USR - PMP - FORȚA DREPTEI","STOIAN TEODORA",13
"ALIANȚA DREAPTA UNITĂ USR - PMP - FORȚA DREPTEI","BOZIANU NICOLETA-CĂTĂLINA",14
"ALIANȚA DREAPTA UNITĂ USR - PMP - FORȚA DREPTEI","CHIRA CLAUDIU-MARTIN",15
"ALIANȚA DREAPTA UNITĂ USR - PMP - FORȚA DREPTEI","GOGA RAMONA-IOANA",16
"ALIANȚA DREAPTA UNITĂ USR - PMP - FORȚA DREPTEI","GÎRBEA ALINA-ROXANA",17
"ALIANȚA DREAPTA UNITĂ USR - PMP - FORȚA DREPTEI","ANDRONACHE MARIAN",18
"ALIANȚA DREAPTA UNITĂ USR - PMP - FORȚA DREPTEI","BOAGHI LEONID",19
"ALIANȚA DREAPTA UNITĂ USR - PMP - FORȚA DREPTEI","DRĂGHICI GETA-DANIELA",20
"ALIANȚA DREAPTA UNITĂ USR - PMP - FORȚA DREPTEI","TOTTI ALINA",21
"ALIANȚA DREAPTA UNITĂ USR - PMP - FORȚA DREPTEI","PESCAR RADU-MIRCEA",22
"ALIANȚA DREAPTA UNITĂ USR - PMP - FORȚA DREPTEI","NAGY VASILE",23
"ALIANȚA DREAPTA UNITĂ USR - PMP - FORȚA DREPTEI","ȘVAB NICOLAE-MIHAI",24
"ALIANȚA DREAPTA UNITĂ USR - PMP - FORȚA DREPTEI","MATEESCU EMILIA",25
"ALIANȚA DREAPTA UNITĂ USR - PMP - FORȚA DREPTEI","TODORAN ADRIAN-MIHĂIȚĂ",26
"ALIANȚA DREAPTA UNITĂ USR - PMP - FORȚA DREPTEI","POTEC NICOLAE-PETRIȘOR",27
"ALIANȚA DREAPTA UNITĂ USR - PMP - FORȚA DREPTEI","BELU ION",28
"ALIANȚA DREAPTA UNITĂ USR - PMP - FORȚA DREPTEI","FERGUSON GABRIELA",29
"ALIANȚA DREAPTA UNITĂ USR - PMP - FORȚA DREPTEI","PALAZ CLAUDIU-IORGA",30
"ALIANȚA DREAPTA UNITĂ USR - PMP - FORȚA DREPTEI","CSORDAȘ ȘTEFAN",31
"ALIANȚA DREAPTA UNITĂ USR - PMP - FORȚA DREPTEI","HANG ANA-LUCIA",32
"ALIANȚA DREAPTA UNITĂ USR - PMP - FORȚA DREPTEI","POP DAN-ADRIAN",33
"ALIANȚA DREAPTA UNITĂ USR - PMP - FORȚA DREPTEI","DUGULESCU LIGIA-IUNIA",34
"ALIANȚA DREAPTA UNITĂ USR - PMP - FORȚA DREPTEI","PUȘCAȘ IONEL",35
"ALIANȚA DREAPTA UNITĂ USR - PMP - FORȚA DREPTEI","JUDELE ȘTEFAN-LUCIAN",36
"ALIANȚA DREAPTA UNITĂ USR - PMP - FORȚA DREPTEI","BERCEA RALUCA-MIHAELA",37
"ALIANȚA DREAPTA UNITĂ USR - PMP - FORȚA DREPTEI","DAVIȚOIU NICOLAE",38
"ALIANȚA DREAPTA UNITĂ USR - PMP - FORȚA DREPTEI","ȘTEFAN ION",39
"ALIANȚA DREAPTA UNITĂ USR - PMP - FORȚA DREPTEI","ALEXANDRU IONUȚ-CIPRIAN",40
"ALIANȚA DREAPTA UNITĂ USR - PMP - FORȚA DREPTEI","CHIRICA ANDREI",41
"ALIANȚA DREAPTA UNITĂ USR - PMP - FORȚA DREPTEI","SIMIONESCU MIHAI",42
"ALIANȚA DREAPTA UNITĂ USR - PMP - FORȚA DREPTEI","STOICA IONUȚ",43
"ROMÂNIA SOCIALISTĂ","STANCIU LUCIA",1
"ROMÂNIA SOCIALISTĂ","IONESCU CONSTANTIN",2
"ROMÂNIA SOCIALISTĂ","MĂNOIU REMUS-FLORIN",3
"ROMÂNIA SOCIALISTĂ","IONESCU ADRIAN-VIRGIL",4
"ROMÂNIA SOCIALISTĂ","ROȘU LIVIU-AURELIAN",5
"ROMÂNIA SOCIALISTĂ","NEACȘU RADU-MARIUS",6
"ROMÂNIA SOCIALISTĂ","MITROFAN LIVIU",7
"ROMÂNIA SOCIALISTĂ","ZBĂGANU GHEORGHIȚĂ",8
"ROMÂNIA SOCIALISTĂ","PITEA ȘTEFAN",9
"ROMÂNIA SOCIALISTĂ","PANĂ DIANA-ANDREEA",10
"ROMÂNIA SOCIALISTĂ","PURICEL GEORGE-EMIL",11
"ROMÂNIA SOCIALISTĂ","SCARLET NEGUȚA",12
"ROMÂNIA SOCIALISTĂ","MELINTE LUCIA",13
"ROMÂNIA SOCIALISTĂ","ROȘU LUCIAN",14
"ROMÂNIA SOCIALISTĂ","STANCIU DUMITRU",15
"ROMÂNIA SOCIALISTĂ","IOANA ION-FLORIN",16
"ROMÂNIA SOCIALISTĂ","LAZU ANDREEA",17
"ROMÂNIA SOCIALISTĂ","NEDELCU PETRE",18
"ROMÂNIA SOCIALISTĂ","NECULA CONSTANDIN",19
"ROMÂNIA SOCIALISTĂ","ROTARU GHEORGHE",20
"ROMÂNIA SOCIALISTĂ","IONESCU ELENA",21
"ROMÂNIA SOCIALISTĂ","ANTOHI MARTA",22
"ROMÂNIA SOCIALISTĂ","DUMITRACHE CARMEN-ELENA",23
"ROMÂNIA SOCIALISTĂ","STANCU CRISTINA-CATIȚA",24
"ROMÂNIA SOCIALISTĂ","GRĂDIȘTEAN GHEORGHE",25
"ROMÂNIA SOCIALISTĂ","GIUREA GEORGETA",26
"ROMÂNIA SOCIALISTĂ","POPESCU PETRE",27
"ROMÂNIA SOCIALISTĂ","OIȚĂ CONSTANTIN",28
"ROMÂNIA SOCIALISTĂ","IOSIF VIOREL-COSMIN",29
"ROMÂNIA SOCIALISTĂ","DIMA COSTEL",30
"ROMÂNIA SOCIALISTĂ","DICU ION",31
"ROMÂNIA SOCIALISTĂ","BOȘTINESCU-BĂRĂSCU ANA",32
"ROMÂNIA SOCIALISTĂ","MARINESCU NICOLAE",33
"ROMÂNIA SOCIALISTĂ","SCURTU FILOFTEIA",34
"ROMÂNIA SOCIALISTĂ","TAVȘANCE PAUL-VALERIU",35
"ROMÂNIA SOCIALISTĂ","RĂDUCU IOAN",36
"ROMÂNIA SOCIALISTĂ","IOSIF NICOLAE",37
"ROMÂNIA SOCIALISTĂ","SANDU CONSTANTIN-LIVIU",38
"ROMÂNIA SOCIALISTĂ","ROTARU ILIE",39
"ROMÂNIA SOCIALISTĂ","GOLEA DORINA",40
"ROMÂNIA SOCIALISTĂ","ARSENOIU STAN-GHEORGHE",41
"ROMÂNIA SOCIALISTĂ","DUMITRACHE DANIEL",42
"ROMÂNIA SOCIALISTĂ","ȚICLEANU ELENA-MĂDĂLINA",43
"ALIANȚA AUR","TERHEȘ CRISTIAN-VASILE",1
"ALIANȚA AUR","TÂRZIU CLAUDIU-RICHARD",2
"ALIANȚA AUR","PIPEREA GHEORGHE",3
"ALIANȚA AUR","TEODORESCU MARIA-GEORGIANA",4
"ALIANȚA AUR","AXINIA ADRIAN-GEORGE",5
"ALIANȚA AUR","STURDZA ȘERBAN-DIMITRIE",6
"ALIANȚA AUR","DUMITRESCU CRISTINA-GABRIELLA",7
"ALIANȚA AUR","GHERASIM LAURA",8
"ALIANȚA AUR","VLAHU NICOLAE",9
"ALIANȚA AUR","NEAMȚU GEORGE-MIHAIL",10
"ALIANȚA AUR","COSTEA PETER",11
"ALIANȚA AUR","POPA IOAN-AURELIAN",12
"ALIANȚA AUR","TANASĂ DAN",13
"ALIANȚA AUR","GURLUI SILVIU-OCTAVIAN",14
"ALIANȚA AUR","DASCĂLU CRISTINA-EMANUELA",15
"ALIANȚA AUR","BIRO DANIEL-RĂZVAN",16
"ALIANȚA AUR","NĂSTĂSOIU ELENA-VIORICA",17
"ALIANȚA AUR","IAGĂR MONICA",18
"ALIANȚA AUR","MANCAȘ NICUȘOR-CRISTIAN",19
"ALIANȚA AUR","GROSU VERONICA",20
"ALIANȚA AUR","FIȚIU AVRAM",21
"ALIANȚA AUR","DOBOȘ ELENA",22
"ALIANȚA AUR","BALTASIU RADU",23
"ALIANȚA AUR","NICOLESCU MARIA-LĂCRĂMIOARA",24
"ALIANȚA AUR","DRAGOMAN DRAGOȘ-DUMITRU",25
"ALIANȚA AUR","FORIS TIBERIU",26
"ALIANȚA AUR","MITREA DUMITRINA",27
"ALIANȚA AUR","COSTEA PAUL-CĂTĂLIN",28
"ALIANȚA AUR","CORENDEA COSMIN-IOAN",29
"ALIANȚA AUR","GOMBOȘ SVETLANA",30
"ALIANȚA AUR","GHEORGHIU ALIN-GEORGE",31
"ALIANȚA AUR","MACARIE OANA-MARIA-CĂTĂLINA",32
"ALIANȚA AUR","NATEA LIVIU-ADRIAN",33
"ALIANȚA AUR","VÎLCU SELENA-GABRIELA",34
"ALIANȚA AUR","IRINDEA MIRELA-DANIELA",35
"ALIANȚA AUR","PĂUCEAN-FERNANDES LUMINIȚA",36
"ALIANȚA AUR","LOVIN RAMONA",37
"ALIANȚA AUR","SPÎNU SEBASTIAN",38
"ALIANȚA AUR","ANDRUȘCEAC ANTONIO",39
"ALIANȚA AUR","AKKAYA FELICIA",40
"ALIANȚA AUR","DĂMUREANU RINGO",41
"ALIANȚA AUR","RADU FABIAN-CRISTIAN",42
"ALIANȚA AUR","IOSUB COSMIN-TEODOR",43
"PARTIDUL ALTERNATIVA DREAPTĂ","MÎRZA ADELA-DORINA",1
"PARTIDUL ALTERNATIVA DREAPTĂ","GUȚĂ HORAȚIU-NICOLAE",2
"PARTIDUL ALTERNATIVA DREAPTĂ","FILIP IULIA-MIHAELA",3
"PARTIDUL ALTERNATIVA DREAPTĂ","OCHIȘ KARINA-ADRIANA",4
"PARTIDUL ALTERNATIVA DREAPTĂ","PURCĂRUȘ GABRIEL",5
"PARTIDUL ALTERNATIVA DREAPTĂ","UNCU DANIEL-MARIAN",6
"PARTIDUL ALTERNATIVA DREAPTĂ","CERNESCU CRISTIAN",7
"PARTIDUL ALTERNATIVA DREAPTĂ","LICXANDRU VALENTIN",8
"PARTIDUL ALTERNATIVA DREAPTĂ","RADU ALEXANDRU MARIAN",9
"PARTIDUL ALTERNATIVA DREAPTĂ","ȘOMLEA VASILE-FLORIN",10
"PARTIDUL ALTERNATIVA DREAPTĂ","MAZĂRE LIVIA-DORINA",11
"PARTIDUL ALTERNATIVA DREAPTĂ","FLOROAEI ANIȘOARA",12
"PARTIDUL ALTERNATIVA DREAPTĂ","GALEA CRISTIAN-AUREL",13
"PARTIDUL ALTERNATIVA DREAPTĂ","ȘERBU ALEXANDRU",14
"PARTIDUL ALTERNATIVA DREAPTĂ","POPESCU CEZARA",15
"PARTIDUL ALTERNATIVA DREAPTĂ","MILODIN ION",16
"PARTIDUL ALTERNATIVA DREAPTĂ","HERȚEG CĂLIN-GHEORGHE",17
"PARTIDUL ALTERNATIVA DREAPTĂ","GAL GAVRIL-LUCIAN",18
"PARTIDUL ALTERNATIVA DREAPTĂ","TOMELE CIPRIAN-NICOLAE",19
"PARTIDUL ALTERNATIVA DREAPTĂ","TĂNĂSESCU MIRCEA-BOGDAN",20
"PARTIDUL ALTERNATIVA DREAPTĂ","MARGAN OLIVIA-MIHAELA",21
"PARTIDUL ALTERNATIVA DREAPTĂ","HAREA VICTOR-ALEXANDRU",22
"PARTIDUL ALTERNATIVA DREAPTĂ","MORARIU CĂLIN-TEODOR",23
"PARTIDUL ALTERNATIVA DREAPTĂ","MĂRCULESCU OVIDIU",24
"PARTIDUL ALTERNATIVA DREAPTĂ","MILODIN ALEXANDRU",25
"PARTIDUL ALTERNATIVA DREAPTĂ","RUS IOVIAN-MARINEL",26
"PARTIDUL ALTERNATIVA DREAPTĂ","PARASCHIV MARCEL",27
"PARTIDUL ALTERNATIVA DREAPTĂ","LUCA ALEXANDRU",28
"PARTIDUL ALTERNATIVA DREAPTĂ","IOSIF CLAUDIA",29
"PARTIDUL ALTERNATIVA DREAPTĂ","FLORESCU IOAN",30
"PARTIDUL ALTERNATIVA DREAPTĂ","GHEORGHE THEODOR-COSMIN",31
"PARTIDUL ALTERNATIVA DREAPTĂ","ALECSE CRISTINA-GEORGETA",32
"PARTIDUL ALTERNATIVA DREAPTĂ","ARDELEANU ȘTEFAN-ADRIAN",33
"PARTIDUL ALTERNATIVA DREAPTĂ","CRUDU ALEXANDRU",34
"PARTIDUL ALTERNATIVA DREAPTĂ","BĂLTĂREȚU MARIANA",35
"PARTIDUL ALTERNATIVA DREAPTĂ","CÂMPEAN FLORIN-CIPRIAN",36
"PARTIDUL ALTERNATIVA DREAPTĂ","SAIDAC IOANA",37
"PARTIDUL ALTERNATIVA DREAPTĂ","ADAM VLAD-DOROS",38
"PARTIDUL ALTERNATIVA DREAPTĂ","PODEA RALUCA",39
"PARTIDUL ALTERNATIVA DREAPTĂ","STROE IONELA",40
"PARTIDUL ALTERNATIVA DREAPTĂ","GRECU IOAN-MIRCEA",41
"PARTIDUL ALTERNATIVA DREAPTĂ","BĂCĂNARU PETRUȚA-NICOLETA",42
"CANDIDAT INDEPENDENT - PÎRVĂNESCU PAULA-MARINELA","PÎRVĂNESCU PAULA-MARINELA",1
"PARTIDUL DIASPORA UNITĂ","CĂLINESCU FLORIN",1
"PARTIDUL DIASPORA UNITĂ","MOCAN MARIUS-SIMION",2
"PARTIDUL DIASPORA UNITĂ","DRĂGUȘIN LAVINIA",3
"PARTIDUL DIASPORA UNITĂ","CADĂR ADRIAN-BOGDAN",4
"PARTIDUL DIASPORA UNITĂ","PASAT ELENA-CARLETA",5
"PARTIDUL DIASPORA UNITĂ","BARDOȘ ALINA-DELIA",6
"PARTIDUL DIASPORA UNITĂ","BADEA ANA-MARIA",7
"PARTIDUL DIASPORA UNITĂ","BERCEA DELIA",8
"PARTIDUL DIASPORA UNITĂ","ROIBAN IOAN-LUCIAN",9
"PARTIDUL DIASPORA UNITĂ","IONESCU EUGEN-CONSTANT",10
"PARTIDUL DIASPORA UNITĂ","VIDICAN COSMIN",11
"PARTIDUL DIASPORA UNITĂ","PETICILĂ MARIAN-CONSTANTIN",12
"PARTIDUL DIASPORA UNITĂ","ANTONIE-PAȘCA DENIS-PAUL",13
"PARTIDUL DIASPORA UNITĂ","DUȚĂ ILONA-ADELAIDA",14
"PARTIDUL DIASPORA UNITĂ","MARIȘ MARIUS-CRISTIAN",15
"PARTIDUL DIASPORA UNITĂ","ICHIM ALINA-MARINA-FLORENTINA",16
"PARTIDUL DIASPORA UNITĂ","OLAR NICOLAE-CORNEL",17
"PARTIDUL DIASPORA UNITĂ","MONU LAZĂR-GIGEL",18
"PARTIDUL DIASPORA UNITĂ","DEACONU CRISTIAN",19
"PARTIDUL DIASPORA UNITĂ","SURDU ALEXANDRU-ANDREI",20
"PARTIDUL DIASPORA UNITĂ","MERCA GHEORGHIȚĂ-MĂDĂLIN",21
"PARTIDUL DIASPORA UNITĂ","DAMIAN MIHAELA-ALINA",22
"PARTIDUL DIASPORA UNITĂ","LĂDAN CONSTANTIN",23
"PARTIDUL DIASPORA UNITĂ","CORNEȘTIAN SIMION",24
"PARTIDUL DIASPORA UNITĂ","BODNĂRESCU FLORIN",25
"PARTIDUL DIASPORA UNITĂ","BÎRJEGA HORAȚIU-ION",26
"PARTIDUL DIASPORA UNITĂ","ILEA DAMIAN-IONEL",27
"PARTIDUL DIASPORA UNITĂ","POPA PETRONELA-CRENGUȚA",28
"PARTIDUL DIASPORA UNITĂ","PASTORCICI ILEANA",29
"PARTIDUL DIASPORA UNITĂ","RONDOLEAN CEZARA-ANDRADA",30
"PARTIDUL DIASPORA UNITĂ","DAMIAN IONUȚ-ALECSANDRU",31
"PARTIDUL UMANIST SOCIAL LIBERAL","BARBU CRISTIAN",1
"PARTIDUL UMANIST SOCIAL LIBERAL","ARDELEAN LIA",2
"PARTIDUL UMANIST SOCIAL LIBERAL","CIUVICĂ MUGUR-CRISTIAN",3
"PARTIDUL UMANIST SOCIAL LIBERAL","CIUCĂ LIVIU-BOGDAN",4
"PARTIDUL UMANIST SOCIAL LIBERAL","BUGNAR RALUCA-ELENA",5
"PARTIDUL UMANIST SOCIAL LIBERAL","JELEA BOGDAN-ION",6
"PARTIDUL UMANIST SOCIAL LIBERAL","ȘERBAN EUGENIA",7
"PARTIDUL UMANIST SOCIAL LIBERAL","IONAȘCU DUMITRU-DANIEL",8
"PARTIDUL UMANIST SOCIAL LIBERAL","GAE IONEL",9
"PARTIDUL UMANIST SOCIAL LIBERAL","POP LIVIU-MARIAN",10
"PARTIDUL UMANIST SOCIAL LIBERAL","DULAMĂ LAURENȚIU-CRISTINEL",11
"PARTIDUL UMANIST SOCIAL LIBERAL","VÂRGĂ MARIANA",12
"PARTIDUL UMANIST SOCIAL LIBERAL","PINTEA GHEORGHE",13
"PARTIDUL UMANIST SOCIAL LIBERAL","IACOB DAN-MIHAI",14
"PARTIDUL UMANIST SOCIAL LIBERAL","BUTCARU-PUNDICHE MIHAELA",15
"PARTIDUL UMANIST SOCIAL LIBERAL","PINTILEI ELLA",16
"PARTIDUL UMANIST SOCIAL LIBERAL","CURENIUC ADRIAN",17
"PARTIDUL UMANIST SOCIAL LIBERAL","DOBROIU-SENZACONI AURELIAN",18
"PARTIDUL UMANIST SOCIAL LIBERAL","HARASIM CONSTANTIN",19
"PARTIDUL UMANIST SOCIAL LIBERAL","SIMIONCA IOAN",20
"PARTIDUL UMANIST SOCIAL LIBERAL","BERCA GABRIEL",21
"PARTIDUL UMANIST SOCIAL LIBERAL","ZECHERU NICOLAE",22
"PARTIDUL UMANIST SOCIAL LIBERAL","DOBRESCU LAURA-DIANA",23
"PARTIDUL UMANIST SOCIAL LIBERAL","BRETFELEAN VALENTIN CONSTANTIN",24
"PARTIDUL UMANIST SOCIAL LIBERAL","BADEA DAN-COSMIN",25
"PARTIDUL UMANIST SOCIAL LIBERAL","IUSEIN LAURA-MIRELA",26
"PARTIDUL UMANIST SOCIAL LIBERAL","CHIFOREANU ALEXANDRA-IOANA",27
"PARTIDUL UMANIST SOCIAL LIBERAL","HĂDĂREANU SILVIU-TEOFIL",28
"PARTIDUL UMANIST SOCIAL LIBERAL","ȘTEFAN BASIM-ALEXANDRU",29
"PARTIDUL UMANIST SOCIAL LIBERAL","COVACIU CLAUDIU-TRAIAN",30
"PARTIDUL UMANIST SOCIAL LIBERAL","HIRIȘCĂU HORAȚIU-SEVER-NICU",31
"PARTIDUL UMANIST SOCIAL LIBERAL","GHINEA CĂTĂLIN-GABRIEL",32
"PARTIDUL UMANIST SOCIAL LIBERAL","TORCEA VICTOR",33
"PARTIDUL UMANIST SOCIAL LIBERAL","BARCHIZEANU DĂNUȚ-VIOREL",34
"PARTIDUL UMANIST SOCIAL LIBERAL","ARMAȘ IANCU",35
"PARTIDUL UMANIST SOCIAL LIBERAL","SAVU DIANA-ELENA",36
"PARTIDUL UMANIST SOCIAL LIBERAL","DINESCU DAN-CONSTANTIN",37
"PARTIDUL UMANIST SOCIAL LIBERAL","GRIGORESCU SORIN-GEORGE",38
"PARTIDUL UMANIST SOCIAL LIBERAL","PREDICEL EUGEN-CRISTIAN",39
"PARTIDUL UMANIST SOCIAL LIBERAL","CERNEA IONUȚ-NINEL",40
"PARTIDUL UMANIST SOCIAL LIBERAL","DINU ȘTEFAN-DANIEL",41
"PARTIDUL UMANIST SOCIAL LIBERAL","PREDA RADU",42
"PARTIDUL UMANIST SOCIAL LIBERAL","BURADA TIBERIU-TRAIAN",43
"PARTIDUL REÎNNOIM PROIECTUL EUROPEAN AL ROMÂNIEI","CIOLOȘ DACIAN-JULIEN",1
"PARTIDUL REÎNNOIM PROIECTUL EUROPEAN AL ROMÂNIEI","STRUGARIU RAMONA-VICTORIA",2
"PARTIDUL REÎNNOIM PROIECTUL EUROPEAN AL ROMÂNIEI","PÎSLARU DRAGOȘ-NICOLAE",3
"PARTIDUL REÎNNOIM PROIECTUL EUROPEAN AL ROMÂNIEI","CAMBERA OANA-ALEXANDRA",4
"PARTIDUL REÎNNOIM PROIECTUL EUROPEAN AL ROMÂNIEI","LUPU ANDREI-RĂZVAN",5
"PARTIDUL REÎNNOIM PROIECTUL EUROPEAN AL ROMÂNIEI","LEONTE ANDREEA-IULIANA",6
"PARTIDUL REÎNNOIM PROIECTUL EUROPEAN AL ROMÂNIEI","PRESURĂ CRISTIAN-NICOLAIE",7
"PARTIDUL REÎNNOIM PROIECTUL EUROPEAN AL ROMÂNIEI","TULBURE SIMINA-GEANINA-DANIELA",8
"PARTIDUL REÎNNOIM PROIECTUL EUROPEAN AL ROMÂNIEI","MIHALI CIPRIAN",9
"PARTIDUL REÎNNOIM PROIECTUL EUROPEAN AL ROMÂNIEI","BOGHEAN ANA-MARIA",10
"PARTIDUL REÎNNOIM PROIECTUL EUROPEAN AL ROMÂNIEI","COBIANU CEZAR-ADRIAN",11
"PARTIDUL REÎNNOIM PROIECTUL EUROPEAN AL ROMÂNIEI","BORDIANU CRISTINA-ANNE-MARIE",12
"PARTIDUL REÎNNOIM PROIECTUL EUROPEAN AL ROMÂNIEI","OLARU MARIUS-OCTAVIAN",13
"PARTIDUL REÎNNOIM PROIECTUL EUROPEAN AL ROMÂNIEI","DIȚĂ GEORGIANA",14
"PARTIDUL REÎNNOIM PROIECTUL EUROPEAN AL ROMÂNIEI","POMOHACI BOGDAN-CONSTANTIN",15
"PARTIDUL REÎNNOIM PROIECTUL EUROPEAN AL ROMÂNIEI","RUSSU-COLDEA IOANA-FLORINA",16
"PARTIDUL REÎNNOIM PROIECTUL EUROPEAN AL ROMÂNIEI","DRĂGUȚ BOGDAN",17
"PARTIDUL REÎNNOIM PROIECTUL EUROPEAN AL ROMÂNIEI","OLTEANU MONICA",18
"PARTIDUL REÎNNOIM PROIECTUL EUROPEAN AL ROMÂNIEI","SECELEANU DANIEL",19
"PARTIDUL REÎNNOIM PROIECTUL EUROPEAN AL ROMÂNIEI","CABA GINA",20
"PARTIDUL REÎNNOIM PROIECTUL EUROPEAN AL ROMÂNIEI","TOADER BOGDAN",21
"PARTIDUL REÎNNOIM PROIECTUL EUROPEAN AL ROMÂNIEI","PAVELESCU ALEXANDRA-MARIANA",22
"PARTIDUL REÎNNOIM PROIECTUL EUROPEAN AL ROMÂNIEI","ROȘU DAN-ALEXANDRU",23
"PARTIDUL REÎNNOIM PROIECTUL EUROPEAN AL ROMÂNIEI","SĂBĂDUȘ LARISA-PETRA",24
"PARTIDUL REÎNNOIM PROIECTUL EUROPEAN AL ROMÂNIEI","SLABU ADRIAN",25
"PARTIDUL REÎNNOIM PROIECTUL EUROPEAN AL ROMÂNIEI","COJOCARU RAMONA-MARIA",26
"PARTIDUL REÎNNOIM PROIECTUL EUROPEAN AL ROMÂNIEI","GOLGOȚIU ANDREI-GABRIEL",27
"PARTIDUL REÎNNOIM PROIECTUL EUROPEAN AL ROMÂNIEI","MARIAN CĂTĂLINA-NICOLETA",28
"PARTIDUL REÎNNOIM PROIECTUL EUROPEAN AL ROMÂNIEI","DAMIAN DAN",29
"PARTIDUL REÎNNOIM PROIECTUL EUROPEAN AL ROMÂNIEI","DANCIU CARMEN-ANGELA",30
"PARTIDUL REÎNNOIM PROIECTUL EUROPEAN AL ROMÂNIEI","PETRE CONSTANTIN",31
"PARTIDUL REÎNNOIM PROIECTUL EUROPEAN AL ROMÂNIEI","JACOTĂ DOINA",32
"PARTIDUL REÎNNOIM PROIECTUL EUROPEAN AL ROMÂNIEI","IVANOV MARCEL",33
"PARTIDUL REÎNNOIM PROIECTUL EUROPEAN AL ROMÂNIEI","BEȚA MIHAI-ANDREI",34
"PARTIDUL REÎNNOIM PROIECTUL EUROPEAN AL ROMÂNIEI","GHEORGHIȚĂ BENIAMIN",35
"PARTIDUL REÎNNOIM PROIECTUL EUROPEAN AL ROMÂNIEI","BARBUR FLORIN-GHEORGHE",36
"PARTIDUL REÎNNOIM PROIECTUL EUROPEAN AL ROMÂNIEI","MOLEAVIN ADRIAN",37
"PARTIDUL REÎNNOIM PROIECTUL EUROPEAN AL ROMÂNIEI","SIMILOIU MIHAI-IULIAN",38
"PARTIDUL REÎNNOIM PROIECTUL EUROPEAN AL ROMÂNIEI","CIOBANU-HARHAS FLORINEL",39
"PARTIDUL REÎNNOIM PROIECTUL EUROPEAN AL ROMÂNIEI","CÎMPAN ȘTEFAN",40
"PARTIDUL REÎNNOIM PROIECTUL EUROPEAN AL ROMÂNIEI","DIACONEASA AMALIA-GABRIELA",41
"PARTIDUL REÎNNOIM PROIECTUL EUROPEAN AL ROMÂNIEI","POPOVICI ALIN",42
"PARTIDUL REÎNNOIM PROIECTUL EUROPEAN AL ROMÂNIEI","MUNTEANU EMANUEL-ISRAEL-VICTOR",43
"UNIUNEA DEMOCRATĂ MAGHIARĂ DIN ROMÂNIA","WINKLER IULIU",1
"UNIUNEA DEMOCRATĂ MAGHIARĂ DIN ROMÂNIA","VINCZE LORÁNT-GYŐRGY",2
"UNIUNEA DEMOCRATĂ MAGHIARĂ DIN ROMÂNIA","SZILAGYI DÓRA-EMESE",3
"UNIUNEA DEMOCRATĂ MAGHIARĂ DIN ROMÂNIA","SZILÁGYI ZSOLT",4
"UNIUNEA DEMOCRATĂ MAGHIARĂ DIN ROMÂNIA","ZAZULA BÉLA",5
"UNIUNEA DEMOCRATĂ MAGHIARĂ DIN ROMÂNIA","FARAGO PETRU",6
"UNIUNEA DEMOCRATĂ MAGHIARĂ DIN ROMÂNIA","LÖRINCZ HELGA",7
"UNIUNEA DEMOCRATĂ MAGHIARĂ DIN ROMÂNIA","SZILÁGYI RÓBERT-ISTVÁN",8
"UNIUNEA DEMOCRATĂ MAGHIARĂ DIN ROMÂNIA","BORS BÉLA",9
"UNIUNEA DEMOCRATĂ MAGHIARĂ DIN ROMÂNIA","TUROS LÓRÁND",10
"UNIUNEA DEMOCRATĂ MAGHIARĂ DIN ROMÂNIA","BÁLINT MARGIT",11
"UNIUNEA DEMOCRATĂ MAGHIARĂ DIN ROMÂNIA","SZABÓ JÓZSEF",12
"UNIUNEA DEMOCRATĂ MAGHIARĂ DIN ROMÂNIA","CSIBI ATTILA-ZOLTÁN",13
"UNIUNEA DEMOCRATĂ MAGHIARĂ DIN ROMÂNIA","AMBRUS ZSOMBOR",14
"UNIUNEA DEMOCRATĂ MAGHIARĂ DIN ROMÂNIA","SZENTES ANTAL",15
"UNIUNEA DEMOCRATĂ MAGHIARĂ DIN ROMÂNIA","MELEG VILMOS-TIBOR",16
"UNIUNEA DEMOCRATĂ MAGHIARĂ DIN ROMÂNIA","PINTÉR ZSOLT-ISTVÁN",17
"UNIUNEA DEMOCRATĂ MAGHIARĂ DIN ROMÂNIA","ANTAL GÉZA",18
"UNIUNEA DEMOCRATĂ MAGHIARĂ DIN ROMÂNIA","POGOCSAN FERDINAND-ZOLTAN",19
"UNIUNEA DEMOCRATĂ MAGHIARĂ DIN ROMÂNIA","KOVÁCS MIHALY-LEVENTE",20
"UNIUNEA DEMOCRATĂ MAGHIARĂ DIN ROMÂNIA","ZAHORANSZKI BRIGITTA-EVA",21
"UNIUNEA DEMOCRATĂ MAGHIARĂ DIN ROMÂNIA","SINKA ARNOLD",22
"UNIUNEA DEMOCRATĂ MAGHIARĂ DIN ROMÂNIA","KÉRY HAJNAL",23
"UNIUNEA DEMOCRATĂ MAGHIARĂ DIN ROMÂNIA","BALAZS BOTOND",24
"UNIUNEA DEMOCRATĂ MAGHIARĂ DIN ROMÂNIA","KÁNTOR BOGLÁRKA",25
"UNIUNEA DEMOCRATĂ MAGHIARĂ DIN ROMÂNIA","LADÁNYI ÁRPÁD-CSABA",26
"UNIUNEA DEMOCRATĂ MAGHIARĂ DIN ROMÂNIA","MUREȘAN ȘTEFAN",27
"UNIUNEA DEMOCRATĂ MAGHIARĂ DIN ROMÂNIA","MATE MARTA",28
"UNIUNEA DEMOCRATĂ MAGHIARĂ DIN ROMÂNIA","BUDAI GYŐRGY-GABOR",29
"UNIUNEA DEMOCRATĂ MAGHIARĂ DIN ROMÂNIA","GERGELY JÁNOS",30
"UNIUNEA DEMOCRATĂ MAGHIARĂ DIN ROMÂNIA","COLȚ ALICE-MARIA",31
"UNIUNEA DEMOCRATĂ MAGHIARĂ DIN ROMÂNIA","PERO TAMAS-CAROL",32
"UNIUNEA DEMOCRATĂ MAGHIARĂ DIN ROMÂNIA","SZABO-CSORBA ZSUZSANNA-EMESE",33
"UNIUNEA DEMOCRATĂ MAGHIARĂ DIN ROMÂNIA","KOVÁCS ZENKŐ-BERNADETT",34
"UNIUNEA DEMOCRATĂ MAGHIARĂ DIN ROMÂNIA","MATHE ATTILA",35
"UNIUNEA DEMOCRATĂ MAGHIARĂ DIN ROMÂNIA","BADI BLANKA",36
"UNIUNEA DEMOCRATĂ MAGHIARĂ DIN ROMÂNIA","BEGE LÁSZLÓ-BALÁZS",37
"UNIUNEA DEMOCRATĂ MAGHIARĂ DIN ROMÂNIA","MESTER IBOLYA",38
"UNIUNEA DEMOCRATĂ MAGHIARĂ DIN ROMÂNIA","SZABÓ ERZSÉBET-ZSÓFIA",39
"UNIUNEA DEMOCRATĂ MAGHIARĂ DIN ROMÂNIA","ERDEI-DOLOCZKI ISTVAN",40
"UNIUNEA DEMOCRATĂ MAGHIARĂ DIN ROMÂNIA","PAPP ZSOLT-LASZLÓ",41
"UNIUNEA DEMOCRATĂ MAGHIARĂ DIN ROMÂNIA","BÉCZI CSILLA",42
"UNIUNEA DEMOCRATĂ MAGHIARĂ DIN ROMÂNIA","DEMETER ZSOLT",43
"CANDIDAT INDEPENDENT - GHEORGHE VLAD-DAN","GHEORGHE VLAD-DAN",1
"PARTIDUL ROMÂNIA MARE","ONACA DOREL-CONSTANTIN",1
"PARTIDUL ROMÂNIA MARE","IOVICI TEODOR-VICTOR",2
"PARTIDUL ROMÂNIA MARE","PUȘCAȘU MARIANA",3
"PARTIDUL ROMÂNIA MARE","PETCU CRISTIAN-VASILE",4
"PARTIDUL ROMÂNIA MARE","MIHUȚESCU CIOABĂ-ION",5
"PARTIDUL ROMÂNIA MARE","FRANGULEA MONICA-MIHAELA",6
"PARTIDUL ROMÂNIA MARE","MIREA-DIACONU FLORIAN",7
"PARTIDUL ROMÂNIA MARE","PORFIRE SERGIU",8
"PARTIDUL ROMÂNIA MARE","DĂBULEANU ION",9
"PARTIDUL ROMÂNIA MARE","TĂNĂSESCU CLAUDIU",10
"PARTIDUL ROMÂNIA MARE","MANEA VIRGIL",11
"PARTIDUL ROMÂNIA MARE","PELELUNGĂ IULIANA-NICOLETA",12
"PARTIDUL ROMÂNIA MARE","POPA AURORA-MARIA",13
"PARTIDUL ROMÂNIA MARE","IGNAT ROXANA-IONELA",14
"PARTIDUL ROMÂNIA MARE","VOINEA LOREDANA-ADRIANA",15
"PARTIDUL ROMÂNIA MARE","COCOȘ GEORGE-CRISTIAN",16
"PARTIDUL ROMÂNIA MARE","DEGAN AXENTE-CIPRIAN",17
"PARTIDUL ROMÂNIA MARE","DRĂGHICI DANIELA",18
"PARTIDUL ROMÂNIA MARE","BOERESCU RODICĂ",19
"PARTIDUL ROMÂNIA MARE","TĂNĂSESCU CLAUDIU-CIPRIAN",20
"PARTIDUL ROMÂNIA MARE","CĂLINA SIMION-DAN",21
"PARTIDUL ROMÂNIA MARE","VASILE DAN",22
"PARTIDUL ROMÂNIA MARE","OCHEȘEL OANA-DANIELA",23
"PARTIDUL ROMÂNIA MARE","TĂNĂSESCU DAN-TUDOR",24
"PARTIDUL ROMÂNIA MARE","BARBU GHEORGHE",25
"PARTIDUL ROMÂNIA MARE","DĂNILĂ IRINA",26
"PARTIDUL ROMÂNIA MARE","ZĂVOI ANDREI",27
"PARTIDUL ROMÂNIA MARE","LINTE MIHAI VALENTIN",28
"PARTIDUL ROMÂNIA MARE","RUSU DARIA-ALEXANDRA",29
"PARTIDUL ROMÂNIA MARE","NENCU VALENTIN-DOREL",30
"PARTIDUL ROMÂNIA MARE","COSTEA ALEXANDRU-IONUȚ",31
"PARTIDUL ROMÂNIA MARE","MITROFAN LAURA-MIHAELA",32
"PARTIDUL ROMÂNIA MARE","CONDOIU-MOTREANU RAUL-ANDREI",33
"PARTIDUL ROMÂNIA MARE","CHIRILOVICI STELA",34
"PARTIDUL ROMÂNIA MARE","VÎLCICĂ CRISTINA-ANA-MARIA",35
"PARTIDUL ROMÂNIA MARE","DEMIAN PETRU-NICOLAE",36
"PARTIDUL ROMÂNIA MARE","IBRAM DENIZ-GENER",37
"PARTIDUL ROMÂNIA MARE","PETCU MARIAN",38
"PARTIDUL ROMÂNIA MARE","PAVĂL PETRU",39
"PARTIDUL ROMÂNIA MARE","MUȘI VASILE",40
"PARTIDUL ROMÂNIA MARE","OPREA CONSTANTIN",41
"PARTIDUL ROMÂNIA MARE","POP DAMIAN-GHEORGHE",42
"PARTIDUL ROMÂNIA MARE","MUCUȚĂ EMANUEL-VLADIMIR",43
"CANDIDAT INDEPENDENT - ȘTEFĂNUȚĂ NICOLAE-BOGDĂNEL","ȘTEFĂNUȚĂ NICOLAE-BOGDĂNEL",1
"PARTIDUL PATRIOȚILOR","SURUGIU IULIAN",1
"PARTIDUL PATRIOȚILOR","LISARU FLORIN-MĂDĂLIN",2
"PARTIDUL PATRIOȚILOR","BĂBUȚ DAN",3
"PARTIDUL PATRIOȚILOR","MUȘA VASILE",4
"PARTIDUL PATRIOȚILOR","MEGYESI ZOLTAN",5
"PARTIDUL PATRIOȚILOR","CRĂCIUN CORNELIU",6
"PARTIDUL PATRIOȚILOR","PĂIUȘ IOANA-HERMINA",7
"PARTIDUL PATRIOȚILOR","OPRIȚ ȘTEFAN-ALEXANDRU",8
"PARTIDUL PATRIOȚILOR","BOLOVAN GRIGORAȘ-GABRIEL",9
"PARTIDUL PATRIOȚILOR","BASTON CĂTĂLIN-COSTEL",10
"PARTIDUL PATRIOȚILOR","TEPEI ROMINA-IULIANA",11
"PARTIDUL PATRIOȚILOR","DOROBANȚU ION",12
"PARTIDUL PATRIOȚILOR","DRAGU FLORENTIN",13
"PARTIDUL PATRIOȚILOR","POPA IOAN-CIPRIAN",14
"PARTIDUL PATRIOȚILOR","TĂNASE GEORGETA",15
"PARTIDUL PATRIOȚILOR","DOBRIN GHEORGHE",16
"PARTIDUL PATRIOȚILOR","AMBROZIE MARIUS-IOAN",17
"PARTIDUL PATRIOȚILOR","ȘERBAN SORINA",18
"PARTIDUL PATRIOȚILOR","NAGHI IONUȚ-VALENTIN",19
"PARTIDUL PATRIOȚILOR","ALSET GHEORGHINA-NADIA",20
"PARTIDUL PATRIOȚILOR","POTOP DANIEL-FLORIN",21
"PARTIDUL PATRIOȚILOR","SANDU NICOLAE-CODRUȚ",22
"PARTIDUL PATRIOȚILOR","GOGHIE CAROL",23
"PARTIDUL PATRIOȚILOR","DINCĂ CRISTIAN-SEBASTIAN",24
"PARTIDUL PATRIOȚILOR","CONSTANTINESCU GEORGETA",25
"PARTIDUL PATRIOȚILOR","ȚĂPÎRDEA LAURENȚIU",26
"PARTIDUL PATRIOȚILOR","IONESCU COSTEL",27
"PARTIDUL PATRIOȚILOR","NIȚĂ OCTAV-ADRIAN",28
"PARTIDUL PATRIOȚILOR","ZIMAN SERGIU-VASILE",29
"PARTIDUL PATRIOȚILOR","MIHALI-TIMIȘ GABRIEL",30
"CANDIDAT INDEPENDENT - ȘOȘOACĂ DUMITRU-SILVESTRU","ȘOȘOACĂ DUMITRU-SILVESTRU",1